rgn_id,year,avg.wt
1,2011,0.782309267
1,2012,0.536269747
1,2013,0.867940125
1,2014,0.867980661
1,2015,1
