rgn_id,habitat,health
1,coral,0.730957557997747
1,mangrove,0.798076923076923
1,seagrass,0.721897450142865
1,soft_bottom,1.0
