rgn_id,product,weight
1.0,ornamentals,0.162198961790486
1.0,shells,0.837749978725215
1.0,sponges,5.10594842992086e-5
