rgn_id,product,weight
1,ornamentals,0.162198961790486
1,shells,0.837749978725215
1,sponges,5.10594842992086e-5
